{"cameraMode":{"drawMode":0,"name":"Shaded","section":"Shading Mode"},"sceneLighting":true,"audioPlay":false,"sceneViewState":{"showFog":true,"showMaterialUpdate":false,"showSkybox":true,"showFlares":true,"showImageEffects":true,"showParticleSystems":true},"in2DMode":false,"pivot":{"x":-0.9982261657714844,"y":4.445359230041504,"z":-0.8746583461761475},"rotation":{"x":-0.07940828055143357,"y":-0.8603510856628418,"z":0.1255616545677185,"w":-0.4896256625652313},"size":5.73811674118042,"orthographic":false}