{"cameraMode":{"drawMode":0,"name":"Shaded","section":"Shading Mode"},"sceneLighting":true,"audioPlay":false,"sceneViewState":{"showFog":true,"showMaterialUpdate":false,"showSkybox":true,"showFlares":true,"showImageEffects":true,"showParticleSystems":true},"in2DMode":false,"pivot":{"x":-16.14297866821289,"y":3.595552444458008,"z":13.377523422241211},"rotation":{"x":0.08479046076536179,"y":-0.6782462000846863,"z":0.08075590431690216,"w":0.726040244102478},"size":44.136863708496097,"orthographic":false}