{"cameraMode":{"drawMode":0,"name":"Shaded","section":"Shading Mode"},"sceneLighting":true,"audioPlay":false,"sceneViewState":{"showFog":true,"showMaterialUpdate":false,"showSkybox":true,"showFlares":true,"showImageEffects":true,"showParticleSystems":true},"in2DMode":false,"pivot":{"x":-68.4734878540039,"y":4.59124755859375,"z":-32.15468978881836},"rotation":{"x":0.07290000468492508,"y":-0.8917598724365234,"z":0.16406622529029847,"w":0.41757670044898989},"size":12.560399055480957,"orthographic":false}