{"cameraMode":{"drawMode":0,"name":"Shaded","section":"Shading Mode"},"sceneLighting":true,"audioPlay":false,"sceneViewState":{"showFog":true,"showMaterialUpdate":false,"showSkybox":true,"showFlares":true,"showImageEffects":true,"showParticleSystems":true},"in2DMode":false,"pivot":{"x":-4.1887664794921879,"y":-5.227343559265137,"z":-4.8876633644104},"rotation":{"x":-0.10566937178373337,"y":0.8882512450218201,"z":-0.2562001347541809,"w":-0.3663650155067444},"size":24.225618362426759,"orthographic":false}