{"cameraMode":{"drawMode":0,"name":"Shaded","section":"Shading Mode"},"sceneLighting":true,"audioPlay":false,"sceneViewState":{"showFog":true,"showMaterialUpdate":false,"showSkybox":true,"showFlares":true,"showImageEffects":true,"showParticleSystems":true},"in2DMode":false,"pivot":{"x":-134.28038024902345,"y":-23.79998779296875,"z":-22.689489364624025},"rotation":{"x":0.1358378380537033,"y":-0.6360299587249756,"z":0.11958140134811402,"w":0.7511412501335144},"size":105.62139892578125,"orthographic":false}