{"cameraMode":{"drawMode":0,"name":"Shaded","section":"Shading Mode"},"sceneLighting":true,"audioPlay":false,"sceneViewState":{"showFog":true,"showMaterialUpdate":false,"showSkybox":true,"showFlares":true,"showImageEffects":true,"showParticleSystems":true},"in2DMode":false,"pivot":{"x":3.38405704498291,"y":0.9478683471679688,"z":-6.221894264221191},"rotation":{"x":0.05435725674033165,"y":0.9394497275352478,"z":-0.17708522081375123,"w":0.28840380907058718},"size":23.48902702331543,"orthographic":false}