{"cameraMode":{"drawMode":0,"name":"Shaded","section":"Shading Mode"},"sceneLighting":true,"audioPlay":false,"sceneViewState":{"showFog":true,"showMaterialUpdate":false,"showSkybox":true,"showFlares":true,"showImageEffects":true,"showParticleSystems":true},"in2DMode":false,"pivot":{"x":-143.24916076660157,"y":-30.291786193847658,"z":-58.86455535888672},"rotation":{"x":0.13704712688922883,"y":-0.7770137786865234,"z":0.1876499354839325,"w":0.5862972736358643},"size":319.3100280761719,"orthographic":false}