{"cameraMode":{"drawMode":0,"name":"Shaded","section":"Shading Mode"},"sceneLighting":true,"audioPlay":false,"sceneViewState":{"showFog":true,"showMaterialUpdate":false,"showSkybox":true,"showFlares":true,"showImageEffects":true,"showParticleSystems":true},"in2DMode":false,"pivot":{"x":-52.90949249267578,"y":5.754997730255127,"z":-28.255859375},"rotation":{"x":0.09694649279117584,"y":0.48815304040908816,"z":-0.04531893879175186,"w":0.8673673868179321},"size":6.617607116699219,"orthographic":false}